{
  "project_info": {
    "project_number": "84696304218",
    "firebase_url": "https://esp32-s-e5ba8-default-rtdb.asia-southeast1.firebasedatabase.app",
    "project_id": "esp32-s-e5ba8",
    "storage_bucket": "esp32-s-e5ba8.appspot.com"
  },
  "client": [
    {
      "client_info": {
        "mobilesdk_app_id": "1:84696304218:android:af21bc7c0150ce01a62663",
        "android_client_info": {
          "package_name": "com.carolmusyoka.mylocationchecker"
        }
      },
      "oauth_client": [
        {
          "client_id": "84696304218-c0jh80j235up3tmevbv3cq5fa5f4mi40.apps.googleusercontent.com",
          "client_type": 1,
          "android_info": {
            "package_name": "com.carolmusyoka.mylocationchecker",
            "certificate_hash": "ec3f2ffea888986eaad722b771d4b89b3c251967"
          }
        },
        {
          "client_id": "84696304218-o5e9mmspofek66jqqaj4ac20ivqbshvv.apps.googleusercontent.com",
          "client_type": 3
        }
      ],
      "api_key": [
        {
          "current_key": "AIzaSyAL7i4xVsuWBb9ke3Rr4pPnhyO9r7EskMA"
        }
      ],
      "services": {
        "appinvite_service": {
          "other_platform_oauth_client": [
            {
              "client_id": "84696304218-o5e9mmspofek66jqqaj4ac20ivqbshvv.apps.googleusercontent.com",
              "client_type": 3
            }
          ]
        }
      }
    }
  ],
  "configuration_version": "1"
}